{"attributes": {"name": "form", "openings": {}}, "dva": {"x": 0.0, "y": 0.0, "z": 0.0, "is_anchor": false, "is_fixed": false, "px": 0.0, "t": 1.0, "constraints": null, "_rz": 0.0, "_rx": 0.0, "_ry": 0.0, "pz": 0.0, "py": 0.0}, "dea": {"lmin": 1e-06, "_h": 0.0, "hmax": 10000000.0, "_is_tension": false, "hmin": 0.0, "_f": 0.0, "_is_edge": true, "_a": 0.0, "q": 1.0, "_l": 0.0, "lmax": 1000000.0}, "dfa": {"_is_loaded": true}, "vertex": {"0": {"z": 14.727819542584887, "_rz": -5.72967872898289e-05, "_rx": 0.7646988822049252, "_ry": 0.9383012100385386, "is_fixed": false, "y": -0.29503424492501495, "x": 3.3168890776086184}, "1": {"z": 0.0, "is_anchor": true, "_rz": -30.464995954421575, "_rx": -10.846403476646785, "_ry": 12.909749950816254, "is_fixed": false, "y": 15.92741935483871, "x": -10.705645161290324}, "2": {"z": 0.0, "is_anchor": true, "_rz": -43.35045569698843, "_rx": 30.66815965079637, "_ry": 9.972907743821079, "is_fixed": false, "y": 7.056451612903227, "x": 27.31854838709678}, "3": {"z": 0.0, "is_anchor": true, "_rz": -57.79089132696031, "_rx": -19.201959019239396, "_ry": -42.390553012395955, "is_fixed": false, "y": -22.540322580645164, "x": -6.59274193548387}, "4": {"z": 7.5029938028193035, "_rz": -0.00011346635671216632, "_rx": 0.7593531325482843, "_ry": 0.3105798632700214, "is_fixed": false, "y": -2.7173239661514548, "x": -7.348177668464897}, "5": {"z": 9.37090383117994, "_rz": -5.387525560962558e-05, "_rx": 0.15111801840717476, "_ry": 1.6136505190417552, "is_fixed": false, "y": 7.913536243176651, "x": 6.685197418480475}, "6": {"z": 7.361776481406822, "_rz": -0.00020765081933404872, "_rx": -0.18192805266961898, "_ry": 0.2505411233061068, "is_fixed": false, "y": -7.892581564325436, "x": 10.505803673063719}, "7": {"z": 0.0, "is_anchor": true, "_rz": -89.61057041845709, "_rx": -86.59186916553652, "_ry": 75.13308505365035, "is_fixed": false, "y": 17.569726426754848, "x": -8.315501833412373}, "8": {"z": 0.0, "is_anchor": true, "_rz": -101.53784736418358, "_rx": -64.9561181149875, "_ry": 147.85643303728233, "is_fixed": false, "y": 14.285112282922572, "x": -13.095788489168275}, "9": {"z": 0.0, "is_anchor": true, "_rz": -117.7724177933858, "_rx": 196.24199705534232, "_ry": 120.98003422058314, "is_fixed": false, "y": 4.405145480583772, "x": 28.493509424319075}, "10": {"z": 0.0, "is_anchor": true, "_rz": -90.43039767749596, "_rx": 126.03321451470231, "_ry": 27.225287896693786, "is_fixed": false, "y": 9.707757745222683, "x": 26.143587349874483}, "11": {"z": 0.0, "is_anchor": true, "_rz": -101.26659788876142, "_rx": -30.465338267040266, "_ry": -166.67417612968464, "is_fixed": false, "y": -21.236725614179925, "x": -9.183223086793}, "12": {"z": 0.0, "is_anchor": true, "_rz": -117.46138924827824, "_rx": -144.4703410092612, "_ry": -175.2178826968219, "is_fixed": false, "y": -23.843919547110403, "x": -4.002260784174742}, "13": {"z": 10.17640364037847, "_rz": -0.0001503658029662347, "_rx": -0.8655610064340458, "_ry": -1.0160100753399206, "is_fixed": false, "y": 8.309585822394906, "x": -4.305358833080639}, "14": {"z": 10.547679138694978, "_rz": -0.00012295069718248897, "_rx": 0.8285243034956125, "_ry": -2.4236170042540657, "is_fixed": false, "y": 3.4433146390599068, "x": 16.207620220466968}, "15": {"z": 10.50843944668955, "_rz": -0.00010860274745994047, "_rx": 1.2262842853500118, "_ry": -0.5617465894105749, "is_fixed": false, "y": -12.245513486930228, "x": -1.9294269211550636}, "16": {"z": 11.75487914807182, "_rz": -0.0001401939325731405, "_rx": 0.7474180792186367, "_ry": 0.37300514641479054, "is_fixed": false, "y": -2.049343512703559, "x": -4.223588094538546}, "17": {"z": 11.503994506875527, "_rz": -9.248878012613204e-05, "_rx": 0.09906394117950867, "_ry": 1.4741792029807783, "is_fixed": false, "y": 6.19208075151476, "x": 5.99353911452859}, "18": {"z": 13.257094068175222, "_rz": -0.00021419203922334873, "_rx": -0.22935300708759598, "_ry": 0.2988123892726331, "is_fixed": false, "y": -5.420329682885874, "x": 8.158548979430396}, "19": {"z": 0.0, "is_anchor": true, "_rz": -43.55665714595811, "_rx": -16.876470365386187, "_ry": 31.47742383298486, "is_fixed": false, "y": 15.10626581888064, "x": -11.9007168252293}, "20": {"z": 0.0, "is_anchor": true, "_rz": -34.00953260869673, "_rx": -20.431902061728152, "_ry": 17.13474220865432, "is_fixed": false, "y": 16.74857289079678, "x": -9.510573497351348}, "21": {"z": 0.0, "is_anchor": true, "_rz": -46.510207804822855, "_rx": 34.872701031425734, "_ry": 17.798474912209034, "is_fixed": false, "y": 5.730798546743499, "x": 27.906028905707927}, "22": {"z": 0.0, "is_anchor": true, "_rz": -36.09050945348187, "_rx": 31.045746877497557, "_ry": 5.903349033427645, "is_fixed": false, "y": 8.382104679062955, "x": 26.73106786848563}, "23": {"z": 0.0, "is_anchor": true, "_rz": -45.85921795089658, "_rx": -9.928462802084844, "_ry": -39.027856222339175, "is_fixed": false, "y": -21.888524097412542, "x": -7.887982511138435}, "24": {"z": 0.0, "is_anchor": true, "_rz": -46.82038007381521, "_rx": -21.654862287089244, "_ry": -31.548523957269808, "is_fixed": false, "y": -23.192121063877785, "x": -5.297501359829306}, "25": {"z": 5.364442791079558, "_rz": -0.00011472588240124537, "_rx": -1.4317501637170267, "_ry": -0.31749939485084155, "is_fixed": false, "y": 6.071936033187963, "x": -9.487585344957099}, "26": {"z": 5.330874543648329, "_rz": -0.0001124652197290743, "_rx": 1.2937759875312196, "_ry": -0.10938157994266362, "is_fixed": false, "y": -11.995126423664688, "x": -7.494008524553994}, "27": {"z": 6.6341145665105286, "_rz": -6.639088643289881e-05, "_rx": -0.5063205270227868, "_ry": -0.7316988626400303, "is_fixed": false, "y": 11.735149092197313, "x": -1.5910746808544416}, "28": {"z": 6.665962599718423, "_rz": -6.619826483600377e-05, "_rx": 0.18295068739439557, "_ry": -2.4184877237761384, "is_fixed": false, "y": 7.596395404688231, "x": 16.369520541377753}, "29": {"z": 5.270032040832946, "_rz": -0.00018529929965538372, "_rx": 1.302370555472038, "_ry": -1.8274034076970223, "is_fixed": false, "y": -1.320314224197729, "x": 19.206227818185663}, "30": {"z": 5.254973820898563, "_rz": -0.0001898085888001333, "_rx": 0.8704064057614804, "_ry": -0.7976585644390184, "is_fixed": false, "y": -15.550316734198093, "x": 2.8359660459600002}, "31": {"z": 8.334298209825157, "_rz": -0.00019050639198070485, "_rx": -1.3066922802776162, "_ry": -0.3788467988141804, "is_fixed": false, "y": 6.859611040439988, "x": -7.479312274451397}, "32": {"z": 8.344654638991253, "_rz": -0.00014253401005959176, "_rx": 0.01669713087085256, "_ry": -2.3834566279043656, "is_fixed": false, "y": 6.403473868581464, "x": 16.325436936214732}, "33": {"z": 9.432166081597474, "_rz": -0.00024549682196095546, "_rx": 0.9818460312526192, "_ry": -0.7264914957693804, "is_fixed": false, "y": -14.102070241972992, "x": 0.9418966861015068}, "34": {"z": 8.215366394202327, "_rz": -0.00014763374187509726, "_rx": -0.5179156299421379, "_ry": -0.9069099363568967, "is_fixed": false, "y": 10.74634713922594, "x": -2.35336697418946}, "35": {"z": 9.367713345164582, "_rz": -0.00024135520880008698, "_rx": 1.1214693406186598, "_ry": -2.0105276989468344, "is_fixed": false, "y": 0.6083673196799507, "x": 17.869606480947738}, "36": {"z": 8.469455382504629, "_rz": -0.00018065779527631776, "_rx": 1.2554513250814523, "_ry": -0.1818295657939757, "is_fixed": false, "y": -12.044626880177754, "x": -5.38375151284651}}, "face": {"0": [16, 0, 13, 31], "1": [13, 1, 19, 31], "2": [19, 8, 25, 31], "3": [25, 4, 16, 31], "4": [17, 0, 14, 32], "5": [14, 2, 22, 32], "6": [22, 10, 28, 32], "7": [28, 5, 17, 32], "8": [18, 0, 15, 33], "9": [15, 3, 24, 33], "10": [24, 12, 30, 33], "11": [30, 6, 18, 33], "12": [20, 1, 13, 34], "13": [13, 0, 17, 34], "14": [17, 5, 27, 34], "15": [27, 7, 20, 34], "16": [21, 2, 14, 35], "17": [14, 0, 18, 35], "18": [18, 6, 29, 35], "19": [29, 9, 21, 35], "20": [23, 3, 15, 36], "21": [15, 0, 16, 36], "22": [16, 4, 26, 36], "23": [26, 11, 23, 36]}, "facedata": {"0": {}, "1": {}, "2": {}, "3": {}, "4": {}, "5": {}, "6": {},