{"dea": {"_h": 0.0, "_is_edge": true, "lmin": 9.9999999999999995e-07, "hmax": 10000000.0, "_a": 0.0, "_is_tension": false, "hmin": 0.0, "_f": 0.0, "q": 1.0, "_l": 0.0, "lmax": 1000000.0}, "dfa": {"_is_loaded": true}, "vertex": {"0": {"z": 1472.7819542584887, "_rz": -5.7296787289828899e-05, "_rx": 0.76469888220492521, "_ry": 0.93830121003853861, "is_fixed": false, "y": 281.06913496509844, "x": -430.49827852910266}, "1": {"z": 0.0, "is_anchor": true, "_rz": -30.464995954421575, "_rx": -10.846403476646785, "_ry": 12.909749950816254, "is_fixed": false, "y": 1903.3144949414709, "x": -1832.751702418997}, "2": {"z": 0.0, "is_anchor": true, "_rz": -43.350455696988433, "_rx": 30.668159650796369, "_ry": 9.9729077438210787, "is_fixed": false, "y": 1016.2177207479226, "x": 1969.6676524197135}, "3": {"z": 0.0, "is_anchor": true, "_rz": -57.790891326960313, "_rx": -19.201959019239396, "_ry": -42.390553012395955, "is_fixed": false, "y": -1943.4596986069166, "x": -1421.4613798383516}, "4": {"z": 750.29938028193033, "_rz": -0.00011346635671216632, "_rx": 0.75935313254828429, "_ry": 0.31057986327002141, "is_fixed": false, "y": 38.840162842454447, "x": -1497.0049531364543}, "5": {"z": 937.09038311799395, "_rz": -5.3875255609625583e-05, "_rx": 0.15111801840717476, "_ry": 1.6136505190417552, "is_fixed": false, "y": 1101.9261837752651, "x": -93.667444441917041}, "6": {"z": 736.17764814068221, "_rz": -0.00020765081933404872, "_rx": -0.18192805266961898, "_ry": 0.25054112330610678, "is_fixed": false, "y": -478.68559697494368, "x": 288.39318101640742}, "7": {"z": 0.0, "is_anchor": true, "_rz": -89.610570418457087, "_rx": -86.591869165536522, "_ry": 75.133085053650348, "is_fixed": false, "y": 2067.5452021330848, "x": -1593.737369631202}, "8": {"z": 0.0, "is_anchor": true, "_rz": -101.53784736418358, "_rx": -64.956118114987504, "_ry": 147.85643303728233, "is_fixed": false, "y": 1739.0837877498573, "x": -2071.7660352067919}, "9": {"z": 0.0, "is_anchor": true, "_rz": -117.7724177933858, "_rx": 196.24199705534232, "_ry": 120.98003422058314, "is_fixed": false, "y": 751.0871075159771, "x": 2087.1637561419429}, "10": {"z": 0.0, "is_anchor": true, "_rz": -90.430397677495961, "_rx": 126.03321451470231, "_ry": 27.225287896693786, "is_fixed": false, "y": 1281.3483339798681, "x": 1852.1715486974838}, "11": {"z": 0.0, "is_anchor": true, "_rz": -101.26659788876142, "_rx": -30.465338267040266, "_ry": -166.67417612968464, "is_fixed": false, "y": -1813.1000019603923, "x": -1680.5094949692643}, "12": {"z": 0.0, "is_anchor": true, "_rz": -117.46138924827824, "_rx": -144.4703410092612, "_ry": -175.2178826968219, "is_fixed": false, "y": -2073.8193952534402, "x": -1162.4132647074387}, "13": {"z": 1017.6403640378471, "_rz": -0.0001503658029662347, "_rx": -0.86556100643404577, "_ry": -1.0160100753399206, "is_fixed": false, "y": 1141.5311416970906, "x": -1192.7230695980284}, "14": {"z": 1054.7679138694978, "_rz": -0.00012295069718248897, "_rx": 0.82852430349561246, "_ry": -2.4236170042540657, "is_fixed": false, "y": 654.90402336359057, "x": 858.57483575673223}, "15": {"z": 1050.8439446689549, "_rz": -0.00010860274745994047, "_rx": 1.2262842853500118, "_ry": -0.56174658941057487, "is_fixed": false, "y": -913.97878923542294, "x": -955.12987840547089}, "16": {"z": 1175.4879148071821, "_rz": -0.0001401939325731405, "_rx": 0.74741807921863668, "_ry": 0.37300514641479054, "is_fixed": false, "y": 105.63820818724403, "x": -1184.5459957438193}, "17": {"z": 1150.3994506875526, "_rz": -9.2488780126132042e-05, "_rx": 0.099063941179508674, "_ry": 1.4741792029807783, "is_fixed": false, "y": 929.78063460907595, "x": -162.83327483710548}, "18": {"z": 1325.7094068175222, "_rz": -0.00021419203922334873, "_rx": -0.22935300708759598, "_ry": 0.29881238927263309, "is_fixed": false, "y": -231.46040883098749, "x": 53.667711653075116}, "19": {"z": 0.0, "is_anchor": true, "_rz": -43.556657145958113, "_rx": -16.876470365386187, "_ry": 31.477423832984861, "is_fixed": false, "y": 1821.199141345664, "x": -1952.2588688128944}, "20": {"z": 0.0, "is_anchor": true, "_rz": -34.00953260869673, "_rx": -20.431902061728152, "_ry": 17.13474220865432, "is_fixed": false, "y": 1985.4298485372778, "x": -1713.2445360250995}, "21": {"z": 0.0, "is_anchor": true, "_rz": -46.510207804822855, "_rx": 34.872701031425734, "_ry": 17.798474912209034, "is_fixed": false, "y": 883.65241413194985, "x": 2028.4157042808281}, "22": {"z": 0.0, "is_anchor": true, "_rz": -36.090509453481872, "_rx": 31.045746877497557, "_ry": 5.9033490334276451, "is_fixed": false, "y": 1148.7830273638956, "x": 1910.9196005585984}, "23": {"z": 0.0, "is_anchor": true, "_rz": -45.859217950896578, "_rx": -9.9284628020848444, "_ry": -39.027856222339175, "is_fixed": false, "y": -1878.2798502836542, "x": -1550.985437403808}, "24": {"z": 0.0, "is_anchor": true, "_rz": -46.820380073815208, "_rx": -21.654862287089244, "_ry": -31.548523957269808, "is_fixed": false, "y": -2008.6395469301785, "x": -1291.937322272895}, "25": {"z": 536.44427910795582, "_rz": -0.00011472588240124537, "_rx": -1.4317501637170267, "_ry": -0.31749939485084155, "is_fixed": false, "y": 917.76616277639619, "x": -1710.9457207856744}, "26": {"z": 533.08745436483287, "_rz": -0.00011246521972907431, "_rx": 1.2937759875312196, "_ry": -0.10938157994266362, "is_fixed": false, "y": -888.94008290886882, "x": -1511.588038745364}, "27": {"z": 663.41145665105284, "_rz": -6.639088643289881e-05, "_rx": -0.50632052702278685, "_ry": -0.73169886264003026, "is_fixed": false, "y": 1484.0874686773311, "x": -921.29465437540875}, "28": {"z": 666.5962599718423, "_rz": -6.6198264836003773e-05, "_rx": 0.18295068739439557, "_ry": -2.4184877237761384, "is_fixed": false, "y": 1070.212099926423, "x": 874.76486784781082}, "29": {"z": 527.00320408329469, "_rz": -0.00018529929965538372, "_rx": 1.3023705554720379, "_ry": -1.8274034076970223, "is_fixed": false, "y": 178.54113703782704, "x": 1158.4355955286019}, "30": {"z": 525.49738208985627, "_rz": -0.00018980858880013329, "_rx": 0.87040640576148043, "_ry": -0.79765856443901839, "is_fixed": false, "y": -1244.4591139622094, "x": -478.59058169396451}, "31": {"z": 833.42982098251571, "_rz": -0.00019050639198070485, "_rx": -1.3066922802776162, "_ry": -0.37884679881418037, "is_fixed": false, "y": 996.53366350159877, "x": -1510.1184137351042}, "32": {"z": 834.46546389912533, "_rz": -0.00014253401005959176, "_rx": 0.016697130870852561, "_ry": -2.3834566279043656, "is_fixed": false, "y": 950.9199463157463, "x": 870.35650733150874}, "33": {"z": 943.21660815974747, "_rz": -0.00024549682196095546, "_rx": 0.98184603125261916, "_ry": -0.72649149576938044, "is_fixed": false, "y": -1099.6344647396993, "x": -667.99751767981388}, "34": {"z": 821.53663942023275, "_rz": -0.00014763374187509726, "_rx": -0.51791562994213791, "_ry": -0.90690993635689665, "is_fixed": false, "y": 1385.2072733801938, "x": -997.52388370891049}, "35": {"z": 936.77133451645818, "_rz": -0.00024135520880008698, "_rx": 1.1214693406186598, "_ry": -2.0105276989468344, "is_fixed": false, "y": 371.40929142559503, "x": 1024.7734618048091}, "36": {"z": 846.94553825046285, "_rz": -0.00018065779527631776, "_rx": 1.2554513250814523, "_ry": -0.18182956579397569, "is_fixed": false, "y": -893.89012856017553, "x": -1300.5623375746154}, "37": {"z": 1171.3114212668784, "y": 158.32565985532102, "x": -1174.477430604265}, "38": {"z": 1438.8760567730542, "y": 316.21349395538999, "x": -495.83448511102011}, "39": {"z": 1029.2486255744768, "y": 1090.6293000141829, "x": -1181.8367970730533}, "40": {"z": 863.45913682467858, "y": 960.13156963824042, "x": -1467.4926067964216}, "41": {"z": 1149.0438028626229, "y": 907.6619957602361, "x": -117.95902386696777}, "42": {"z": 1439.1880560764653, "y": 323.82164608065631, "x": -358.85752718976528}, "43": {"z": 1062.9754197263735, "y": 660.27304563929931, "x": 801.30827566748621}, "44": {"z": 864.70321475303831, "y": 926.68737629623945, "x": 811.91178008478505}, "45": {"z": 1313.886642143065, "y": -257.77049976962252,