{"settings": {"RV2": {"show.forces": false, "tol.angles": 5.0, "show.angles": true}, "Solvers": {"tna.horizontal.refreshrate": 10, "tna.horizontal.kmax": 100, "tna.horizontal.alpha": 100, "tna.vertical.kmax": 300, "tna.vertical.zmax": 3.5}}, "data": {"thrust": {"dea": {"lmin": 9.9999999999999995e-07, "_h": 0.0, "hmax": 10000000.0, "_is_tension": false, "hmin": 0.0, "_f": 0.0, "_is_edge": true, "_a": 0.0, "q": 1.0, "_l": 0.0, "lmax": 1000000.0}, "dfa": {"_is_loaded": true}, "vertex": {"0": {"z": 0.0, "is_anchor": true, "_rz": -6.7166054351026441, "_rx": 0.0, "_ry": 4.4996670524251172, "is_fixed": false, "y": 10.0, "x": 2.0}, "1": {"z": 0.0, "is_anchor": true, "_rz": -9.2565159715432337, "_rx": 4.7132823762150053, "_ry": 0.0, "is_fixed": false, "y": 4.0, "x": 10.0}, "2": {"z": 3.5020236576874555, "_rz": 1.5116537189108215e-05, "_rx": -3.5527136788005009e-15, "_ry": 1.7763568394002505e-15, "is_fixed": false, "y": 6.0, "x": 6.0}, "3": {"z": 0.0, "is_anchor": true, "_rz": -9.256515971543239, "_rx": 0.0, "_ry": -4.713282376215016, "is_fixed": false, "y": 0.0, "x": 6.0}, "4": {"z": 0.0, "is_anchor": true, "_rz": -6.716605435102629, "_rx": 0.0, "_ry": 4.4996670524250959, "is_fixed": false, "y": 10.0, "x": 8.0}, "5": {"z": 0.0, "is_anchor": true, "_rz": -9.2565159715432301, "_rx": -4.713282376215008, "_ry": 0.0, "is_fixed": false, "y": 4.0, "x": 0.0}, "6": {"z": 2.5722193292574733, "_rz": 0.00021326561166734592, "_rx": 7.1054273576010019e-15, "_ry": -5.3290705182007514e-15, "is_fixed": false, "y": 6.0, "x": 8.0}, "7": {"z": 0.0, "is_anchor": true, "_rz": -6.7166054351026263, "_rx": 0.0, "_ry": -4.499667052425095, "is_fixed": false, "y": 0.0, "x": 8.0}, "8": {"z": 2.5722193292574724, "_rz": 0.00021326561166201685, "_rx": -1.7763568394002505e-15, "_ry": 1.4210854715202004e-14, "is_fixed": false, "y": 8.0, "x": 6.0}, "9": {"z": 0.0, "is_anchor": true, "_rz": -9.2565159715432195, "_rx": 0.0, "_ry": 4.7132823762149947, "is_fixed": false, "y": 10.0, "x": 4.0}, "10": {"z": 0.0, "is_anchor": true, "_rz": -6.7166054351026308, "_rx": -4.4996670524251057, "_ry": 0.0, "is_fixed": false, "y": 2.0, "x": 0.0}, "11": {"z": 1.8584555474571172, "_rz": 0.00025906327397606788, "_rx": -1.0658141036401503e-14, "_ry": -1.7763568394002505e-14, "is_fixed": false, "y": 8.0, "x": 8.0}, "12": {"z": 0.0, "is_anchor": true, "_rz": -6.716605435102637, "_rx": 4.499667052425103, "_ry": 0.0, "is_fixed": false, "y": 8.0, "x": 10.0}, "13": {"z": 2.572219329257472, "_rz": 0.00021326561166912228, "_rx": 8.8817841970012523e-16, "_ry": -7.1054273576010019e-15, "is_fixed": false, "y": 6.0, "x": 2.0}, "14": {"z": 0.0, "is_anchor": true, "_rz": -9.2565159715432408, "_rx": 0.0, "_ry": 4.713282376215016, "is_fixed": false, "y": 10.0, "x": 6.0}, "15": {"z": 0.0, "is_anchor": true, "_rz": -6.7166054351026396, "_rx": 0.0, "_ry": -4.4996670524251163, "is_fixed": false, "y": 0.0, "x": 2.0}, "16": {"z": 3.5020236576874568, "_rz": 1.5116537187331858e-05, "_rx": 1.7763568394002505e-15, "_ry": 1.0658141036401503e-14, "is_fixed": false, "y": 6.0, "x": 4.0}, "17": {"z": 1.8584555474571156, "_rz": 0.00025906327397606788, "_rx": -1.7763568394002505e-15, "_ry": -1.4210854715202004e-14, "is_fixed": false, "y": 8.0, "x": 2.0}, "18": {"z": 0.0, "is_anchor": true, "_rz": -9.2565159715432159, "_rx": 0.0, "_ry": -4.7132823762149947, "is_fixed": false, "y": 0.0, "x": 4.0}, "19": {"z": 2.5722193292574742, "_rz": 0.00021326561166468139, "_rx": -7.1054273576010019e-15, "_ry": 0.0, "is_fixed": false, "y": 8.0, "x": 4.0}, "21": {"z": 3.502023657687455, "_rz": 1.5116537189996393e-05, "_rx": 0.0, "_ry": -1.2434497875801753e-14, "is_fixed": false, "y": 4.0, "x": 6.0}, "22": {"z": 2.5722193292574715, "_rz": 0.00021326561166201685, "_rx": 3.5527136788005009e-15, "_ry": -1.4210854715202004e-14, "is_fixed": false, "y": 2.0, "x": 6.0}, "23": {"z": 2.5722193292574733, "_rz": 0.00021326561166645774, "_rx": 0.0, "_ry": 8.8817841970012523e-15, "is_fixed": false, "y": 4.0, "x": 8.0}, "24": {"z": 0.0, "is_anchor": true, "_rz": -9.2565159715432284, "_rx": -4.7132823762150071, "_ry": 0.0, "is_fixed": false, "y": 6.0, "x": 0.0}, "26": {"z": 0.0, "is_anchor": true, "_rz": -6.7166054351026379, "_rx": 4.4996670524251066, "_ry": 0.0, "is_fixed": false, "y": 2.0, "x": 10.0}, "27": {"z": 1.8584555474571167, "_rz": 0.00025906327397873241, "_rx": -1.4210854715202004e-14, "_ry": 7.1054273576010019e-15, "is_fixed": false, "y": 2.0, "x": 8.0}, "28": {"z": 0.0, "is_anchor": true, "_rz": -6.7166054351026316, "_rx": -4.4996670524251039, "_ry": 0.0, "is_fixed": false, "y": 8.0, "x": 0.0}, "31": {"z": 2.5722193292574715, "_rz": 0.00021326561166556957, "_rx": 0.0, "_ry": 7.1054273576010019e-15, "is_fixed": false, "y": 4.0, "x": 2.0}, "32": {"z": 1.8584555474571145, "_rz": 0.00025906327397695605, "_rx": 1.7763568394002505e-15, "_ry": 9.7699626167013776e-15, "is_fixed": false, "y": 2.0, "x": 2.0}, "33": {"z": 3.5020236576874564, "_rz": 1.5116537195325463e-05, "_rx": -1.7763568394002505e-15, "_ry": -4.4408920985006262e-15, "is_fixed": false, "y": 4.0, "x": 4.0}, "34": {"z": 0.0, "is_anchor": true, "_rz": -9.2565159715432337, "_rx": 4.7132823762150053, "_ry": 0.0, "is_fixed": false, "y": 6.0, "x": 10.0}, "35": {"z": 2.5722193292574729, "_rz": 0.00021326561166112867, "_rx": 0.0, "_ry": -1.0658141036401503e-14, "is_fixed": false, "y": 2.0, "x": 4.0}}, "max_face": 32, "face": {"1": [10, 32, 31, 5], "2": [5, 31, 13, 24], "3": [24, 13, 17, 28], "5": [15, 18, 35, 32], "6": [32, 35, 33, 31], "7": [31, 33, 16, 13], "8": [13, 16, 19, 17], "9": [17, 19, 9, 0], "10": [18, 3, 22, 35], "11": [35, 22, 21, 33], "12": [33, 21, 2, 16], "13": [16, 2, 8, 19], "14": [19, 8, 14, 9], "15": [3, 7, 27, 22], "16": [22, 27, 23, 21], "17": [21, 23, 6, 2], "18": [2, 6, 11, 8], "19": [8, 11, 4, 14], "21": [27, 26, 1, 23], "22": [23, 1, 34, 6], "23": [6, 34, 12, 11], "26": [4, 11, 12], "28": [15, 32, 10], "30": [26, 27, 7], "32": [28, 17, 0]}, "facedata": {"1": {}, "2": {}, "3": {}, "5": {}, "6": {}, "7": {}, "8": {}, "9": {}, "10": {}, "11": {}, "12": {}, "13": {}, "14": {}, "15": {}, "16": {}, "17": {}, "18": {}, "19": {}, "21": {}, "22": {}, "23": {}, "26": {}, "28": {}, "30": {}, "32": {}}, "attributes": {"openings": {}, "name": "thrust"}, "edgedata": {"(22, 35)": {"_a": 0.0, "_f": 4.4996670524251048, "q": 2.2498335262125524, "_l": 2.0}, "(10, 15)": {"_is_edge": false}, "(0, 9)": {"_is_edge": false}, "(26, 29)": {"_is_edge": false}, "(13, 31)": {"_a": 0.0, "_f": 4.4996670524251039, "q": 2.2498335262125519, "_l": 2.0}, "(4, 12)": {"_is_edge": false}, "(0, 30)": {"_is_edge": false}, "(4, 20)": {"_is_edge": false}, "(9, 14)": {"_is_edge": false}, "(26, 27)": {"_a": 0.0, "_f": 6.1424398618682128, "q": 2.2498335262125533, "_l": 2.0}, "(5, 24)": {"_is_edge": false}, "(3, 7)": {"_is_edge": false}, "(1, 26)": {"_is_edge": false}, "(11, 12)": {"_a": 0.0, "_f": 6.1424398618682101, "q": 2.2498335262125519, "_l": 2.0}, "(1, 34)": {"_is_edge": false}, "(6, 34)": {"_a": 0.0, "_f": 7.6785692643118804, "q": 2.3566411881075036, "_l": 2.0}, "(15, 32)": {"_a": 0.0, "_f": 6.1424398618682234, "q": 2.2498335262125582, "_l": 2.0}, "(1, 23)": {"_a": 0.0, "_f": 7.6785692643118804, "q": 2.3566411881075036, "_l": 2.0}, "(2, 16)": {"_a": 0.0, "_f": 4.7132823762150071, "q": 2.3566411881075036, "_l": 2.0}, "(12, 20)": {"_is_edge": false}, "(7, 26)": {"_is_edge": false}, "(4, 11)": {"_a": 0.0, "_f": 6.1424398618681977, "q": 2.2498335262125475, "_l": 2.0}, "(9, 19)": {"_a": 0.0, "_f": 7.6785692643118617, "q": 2.3566411881074973, "_l": 2.0}, "(4, 14)": {"_is_edge": false}, "(13, 24)": {"_a": 0.0, "_f": 7.6785692643118777, "q": 2.3566411881075036, "_l": 2.0}, "(16, 33)": {"_a": 0.0, "_f": 4.7132823762150071, "q": 2.3566411881075036, "_l": 2.0}, "(2, 6)": {"_a": 0.0, "_f": 5.197735536845637, "q": 2.3566411881075036, "_l": 2.0}, "(2, 8)": {"_a": 0.0, "_f": 5.1977355368456655, "q": 2.356641188107516, "_l": 2.0}, "(13, 16)": {"_a": 0.0, "_f": 5.1977355368456397, "q": 2.3566411881075036, "_l": 2.0}, "(8, 11)": {"_a": 0.0,