{"max_vertex": 120, "max_face": 99, "dfa": {}, "vertex": {"0": {"y": 10.041, "z": 0.0, "x": -0.34100000000000003}, "1": {"y": 9.0350000000000001, "z": 0.246, "x": -0.17100000000000001}, "2": {"y": 8.9250000000000007, "z": 0.89800000000000002, "x": 0.77500000000000002}, "3": {"y": 9.8710000000000004, "z": 0.246, "x": 0.66500000000000004}, "4": {"y": 8.0329999999999995, "z": 0.44900000000000001, "x": -0.040000000000000001}, "5": {"y": 7.9630000000000001, "z": 1.3380000000000001, "x": 0.86699999999999999}, "6": {"y": 9.6470000000000002, "z": 0.59799999999999998, "x": 6.6520000000000001}, "7": {"y": 9.5920000000000005, "z": 0.68799999999999994, "x": 5.6550000000000002}, "8": {"y": 8.7219999999999995, "z": 1.806, "x": 5.6349999999999998}, "9": {"y": 8.7639999999999993, "z": 1.633, "x": 6.6100000000000003}, "10": {"y": 3.1819999999999999, "z": 3.1179999999999999, "x": 4.6589999999999998}, "11": {"y": 3.1760000000000002, "z": 3.0329999999999999, "x": 5.6029999999999998}, "12": {"y": 4.1059999999999999, "z": 3.3100000000000001, "x": 5.5940000000000003}, "13": {"y": 4.109, "z": 3.4020000000000001, "x": 4.6589999999999998}, "14": {"y": 2.2690000000000001, "z": 2.6240000000000001, "x": 4.6589999999999998}, "15": {"y": 2.2589999999999999, "z": 2.5499999999999998, "x": 5.617}, "16": {"y": 4.1059999999999999, "z": 3.3100000000000001, "x": 3.7229999999999999}, "17": {"y": 3.1760000000000002, "z": 3.0329999999999999, "x": 3.714}, "18": {"y": 0.50900000000000001, "z": 0.71799999999999997, "x": 4.6589999999999998}, "19": {"y": 0.49099999999999999, "z": 0.68799999999999994, "x": 5.6550000000000002}, "20": {"y": 1.361, "z": 1.806, "x": 5.6349999999999998}, "21": {"y": 1.375, "z": 1.8620000000000001, "x": 4.6589999999999998}, "22": {"y": 1.361, "z": 1.806, "x": 3.6819999999999999}, "23": {"y": 0.49099999999999999, "z": 0.68799999999999994, "x": 3.6619999999999999}, "24": {"y": 6.0380000000000003, "z": 0.68799999999999994, "x": 9.2089999999999996}, "25": {"y": 7.0350000000000001, "z": 0.59799999999999998, "x": 9.2639999999999993}, "26": {"y": 6.992, "z": 1.633, "x": 8.3810000000000002}, "27": {"y": 6.0179999999999998, "z": 1.806, "x": 8.3390000000000004}, "28": {"y": 7.0350000000000001, "z": 0.59799999999999998, "x": 0.052999999999999999}, "29": {"y": 6.992, "z": 1.633, "x": 0.93600000000000005}, "30": {"y": 5.0410000000000004, "z": 1.8620000000000001, "x": 0.99199999999999999}, "31": {"y": 5.0410000000000004, "z": 2.6240000000000001, "x": 1.8859999999999999}, "32": {"y": 6.0, "z": 2.5499999999999998, "x": 1.8759999999999999}, "33": {"y": 6.0179999999999998, "z": 1.806, "x": 0.97799999999999998}, "34": {"y": 4.0650000000000004, "z": 1.806, "x": 0.97799999999999998}, "35": {"y": 4.0830000000000002, "z": 2.5499999999999998, "x": 1.8759999999999999}, "36": {"y": 6.0380000000000003, "z": 0.68799999999999994, "x": 0.108}, "37": {"y": 5.0410000000000004, "z": 0.71799999999999997, "x": 0.126}, "38": {"y": 1.319, "z": 1.633, "x": 6.6100000000000003}, "39": {"y": 1.25, "z": 1.3380000000000001, "x": 7.5800000000000001}, "40": {"y": 2.1819999999999999, "z": 1.9350000000000001, "x": 7.5179999999999998}, "41": {"y": 2.2290000000000001, "z": 2.3250000000000002, "x": 6.5720000000000001}, "42": {"y": 0.435, "z": 0.59799999999999998, "x": 6.6520000000000001}, "43": {"y": 0.34300000000000003, "z": 0.44900000000000001, "x": 7.6500000000000004}, "44": {"y": 4.0449999999999999, "z": 0.68799999999999994, "x": 0.108}, "45": {"y": 3.048, "z": 0.59799999999999998, "x": 0.052999999999999999}, "46": {"y": 3.0899999999999999, "z": 1.633, "x": 0.93600000000000005}, "47": {"y": 7.8239999999999998, "z": 2.5499999999999998, "x": 3.7000000000000002}, "48": {"y": 8.7219999999999995, "z": 1.806, "x": 3.6819999999999999}, "49": {"y": 8.7639999999999993, "z": 1.633, "x": 2.7069999999999999}, "50": {"y": 7.8529999999999998, "z": 2.3250000000000002, "x": 2.7450000000000001}, "51": {"y": 7.8140000000000001, "z": 2.6240000000000001, "x": 4.6589999999999998}, "52": {"y": 8.7080000000000002, "z": 1.8620000000000001, "x": 4.6589999999999998}, "53": {"y": 6.907, "z": 3.0329999999999999, "x": 3.714}, "54": {"y": 6.9000000000000004, "z": 3.1179999999999999, "x": 4.6589999999999998}, "55": {"y": 2.0489999999999999, "z": 0.44900000000000001, "x": -0.040000000000000001}, "56": {"y": 2.1200000000000001, "z": 1.3380000000000001, "x": 0.86699999999999999}, "57": {"y": 3.1280000000000001, "z": 2.3250000000000002, "x": 7.4710000000000001}, "58": {"y": 3.1579999999999999, "z": 2.7749999999999999, "x": 6.5419999999999998}, "59": {"y": 5.0410000000000004, "z": 3.496, "x": 4.6589999999999998}, "60": {"y": 5.0410000000000004, "z": 3.4020000000000001, "x": 3.726}, "61": {"y": 5.0410000000000004, "z": 3.1179999999999999, "x": 2.7999999999999998}, "62": {"y": 4.0970000000000004, "z": 3.0329999999999999, "x": 2.7930000000000001}, "63": {"y": 1.048, "z": 0.246, "x": -0.17100000000000001}, "64": {"y": 1.1579999999999999, "z": 0.89800000000000002, "x": 0.77500000000000002}, "65": {"y": 0.041000000000000002, "z": 0.0, "x": -0.34100000000000003}, "66": {"y": 0.21199999999999999, "z": 0.246, "x": 0.66500000000000004}, "67": {"y": 3.1280000000000001, "z": 2.3250000000000002, "x": 1.8460000000000001}, "68": {"y": 3.1579999999999999, "z": 2.7749999999999999, "x": 2.7749999999999999}, "69": {"y": 7.8529999999999998, "z": 2.3250000000000002, "x": 6.5720000000000001}, "70": {"y": 7.9009999999999998, "z": 1.9350000000000001, "x": 7.5179999999999998}, "71": {"y": 8.8320000000000007, "z": 1.3380000000000001, "x": 7.5800000000000001}, "72": {"y": 6.9249999999999998, "z": 2.7749999999999999, "x": 6.5419999999999998}, "73": {"y": 6.9550000000000001, "z": 2.3250000000000002, "x": 7.4710000000000001}, "74": {"y": 7.8239999999999998, "z": 2.5499999999999998, "x": 5.617}, "75": {"y": 2.2290000000000001, "z": 2.3250000000000002, "x": 2.7450000000000001}, "76": {"y": 2.1819999999999999, "z": 1.9350000000000001, "x": 1.7989999999999999}, "77": {"y": 2.2589999999999999, "z": 2.5499999999999998, "x": 3.7000000000000002}, "78": {"y": 1.319, "z": 1.633, "x": 2.7069999999999999}, "79": {"y": 7.9009999999999998, "z": 1.9350000000000001, "x": 1.7989999999999999}, "80": {"y": 8.8320000000000007, "z": 1.3380000000000001, "x": 1.7370000000000001}, "81": {"y": 6.9550000000000001, "z": 2.3250000000000002, "x": 1.8460000000000001}, "82": {"y": 6.9249999999999998, "z": 2.7749999999999999, "x": 2.7749999999999999}, "83": {"y": 2.0489999999999999, "z": 0.44900000000000001, "x": 9.3569999999999993}, "84": {"y": 3.048, "z": 0.59799999999999998, "x": 9.2639999999999993}, "85": {"y": 3.0899999999999999, "z": 1.633, "x": 8.3810000000000002}, "86": {"y": 2.1200000000000001, "z": 1.3380000000000001, "x": 8.4499999999999993}, "87": {"y": 9.6470000000000002, "z": 0.59799999999999998, "x": 2.665}, "88": {"y": 9.7400000000000002, "z": 0.44900000000000001, "x": 1.667}, "89": {"y": 4.0650000000000004, "z": 1.806, "x": 8.3390000000000004}, "90": {"y": 4.0830000000000002, "z": 2.5499999999999998, "x": 7.4409999999999998}, "91": {"y": 4.0970000000000004, "z": 3.0329999999999999, "x": 6.524}, "92": {"y": 9.5920000000000005, "z": 0.68799999999999994, "x": 3.6619999999999999}, "93": {"y": 0.041000000000000002, "z": 0.0, "x": 9.6590000000000007}, "94": {"y": 1.048, "z": 0.246, "x": 9.4879999999999995}, "95": {"y": 1.1579999999999999, "z": 0.89800000000000002, "x": 8.5419999999999998}, "96": {"y": 0.21199999999999999, "z": 0.246, "x": 8.6519999999999992}, "97": {"y": 10.041, "z": 0.0, "x": 9.6590000000000007}, "98": {"y": 9.8710000000000004, "z": 0.246, "x": 8.6519999999999992}, "99": {"y": 8.9250000000000007, "z": 0.89800000000000002, "x": 8.5419999999999998}, "100": {"y": 9.0350000000000001, "z": 0.246, "x": 9.4879999999999995}, "101": {"y": 5.9770000000000003, "z": 3.3100000000000001, "x": 3.7229999999999999}, "102": {"y": 5.9740000000000002, "z": 3.4020000000000001, "x": 4.6589999999999998}, "103": {"y": 0.435, "z": 0.59799999999999998, "x": 2.665}, "104": {"y": 1.25,