{"dea": {"_h": 0.0, "_is_edge": true, "lmin": 9.9999999999999995e-07, "hmax": 10000000.0, "_a": 0.0, "_is_tension": false, "hmin": 0.0, "_f": 0.0, "q": 1.0, "_l": 0.0, "lmax": 1000000.0}, "dfa": {"_is_loaded": true}, "vertex": {"0": {"z": 1171.3114212668784, "y": 158.32565985532102, "x": -1174.477430604265}, "1": {"z": 1438.8760567730542, "y": 316.21349395538999, "x": -495.83448511102011}, "2": {"z": 1029.2486255744768, "y": 1090.6293000141829, "x": -1181.8367970730533}, "3": {"z": 863.45913682467858, "y": 960.13156963824042, "x": -1467.4926067964216}, "4": {"z": 1149.0438028626229, "y": 907.6619957602361, "x": -117.95902386696777}, "5": {"z": 1439.1880560764653, "y": 323.82164608065631, "x": -358.85752718976528}, "6": {"z": 1062.9754197263735, "y": 660.27304563929931, "x": 801.30827566748621}, "7": {"z": 864.70321475303831, "y": 926.68737629623945, "x": 811.91178008478505}, "8": {"z": 1313.886642143065, "y": -257.77049976962252, "x": -1.7117269267977266}, "9": {"z": 1446.2519348399348, "y": 203.50608964685483, "x": -437.46111809075774}, "10": {"z": 1066.5077262093544, "y": -872.03704213361436, "x": -909.62955797948916}, "11": {"z": 969.64312335106774, "y": -1039.1271500874632, "x": -651.21043332639795}, "12": {"z": 1028.2982517000119, "y": 1121.3229440871232, "x": -1143.0475925089424}, "13": {"z": 1437.9256828985892, "y": 346.90713802833011, "x": -457.04528054690923}, "14": {"z": 1147.7814296847469, "y": 930.74748770790984, "x": -216.14677722411173}, "15": {"z": 851.80489954415884, "y": 1340.6314626019159, "x": -967.36832520873634}, "16": {"z": 1069.9792992451478, "y": 616.28306474452393, "x": 810.72734191897962}, "17": {"z": 1446.1919355952398, "y": 279.83166518588098, "x": -349.43846093827182}, "18": {"z": 1313.82664289837, "y": -181.44492423059634, "x": 86.310930225688196}, "19": {"z": 963.78237782741223, "y": 361.13780600032788, "x": 960.30610536224879}, "20": {"z": 1060.3133822950551, "y": -858.30655824038877, "x": -956.7688554651395}, "21": {"z": 1440.0575909256356, "y": 217.23657354008049, "x": -484.60041557640812}, "22": {"z": 1172.4929554194596, "y": 59.348739440011506, "x": -1163.243361069653}, "23": {"z": 876.80481651841228, "y": -840.22676363266612, "x": -1267.6580687173696}}, "max_face": 5, "face": {"0": [0, 1, 2, 3], "1": [4, 5, 6, 7], "2": [8, 9, 10, 11], "3": [12, 13, 14, 15], "4": [16, 17, 18, 19], "5": [20, 21, 22, 23]}, "facedata": {"0": {}, "1": {}, "2": {}, "3": {}, "4": {}, "5": {}}, "attributes": {"openings": {}, "name": "form"}, "edgedata": {}, "max_vertex": 23, "dva": {"is_anchor": false, "is_fixed": false, "px": 0.0, "t": 1.0, "constraints": null, "_rz": 0.0, "_rx": 0.0, "_ry": 0.0, "y": 0.0, "x": 0.0, "z": 0.0, "pz": 0.0, "py": 0.0}}