{"compas": "1.5.0", "datatype": "compas.datastructures/Mesh", "data": {"facedata": {"0": {}, "1": {}, "2": {}, "3": {}, "4": {}, "5": {}, "6": {}, "7": {}, "8": {}, "9": {}, "10": {}, "11": {}, "12": {}, "13": {}, "14": {}, "15": {}, "16": {}, "17": {}, "18": {}, "19": {}, "20": {}, "21": {}, "22": {}, "23": {}, "24": {}, "25": {}, "26": {}, "27": {}, "28": {}, "29": {}, "30": {}, "31": {}}, "dva": {"z": 0.0, "y": 0.0, "x": 0.0}, "face": {"0": [0, 1, 2, 15, 14, 13], "1": [2, 3, 4, 17, 16, 15], "2": [4, 5, 6, 19, 18, 17], "3": [6, 7, 8, 21, 20, 19], "4": [8, 9, 10, 23, 22, 21], "5": [10, 11, 12, 25, 24, 23], "6": [26, 27, 28, 41, 40, 39], "7": [28, 29, 30, 43, 42, 41], "8": [30, 31, 32, 45, 44, 43], "9": [32, 33, 34, 47, 46, 45], "10": [34, 35, 36, 49, 48, 47], "11": [36, 37, 38, 51, 50, 49], "12": [52, 53, 54, 67, 66, 65], "13": [54, 55, 56, 69, 68, 67], "14": [56, 57, 58, 71, 70, 69], "15": [58, 59, 60, 73, 72, 71], "16": [60, 61, 62, 75, 74, 73], "17": [62, 63, 64, 77, 76, 75], "18": [14, 15, 16, 29, 28, 27], "19": [16, 17, 18, 31, 30, 29], "20": [18, 19, 20, 33, 32, 31], "21": [20, 21, 22, 35, 34, 33], "22": [22, 23, 24, 37, 36, 35], "23": [40, 41, 42, 55, 54, 53], "24": [42, 43, 44, 57, 56, 55], "25": [44, 45, 46, 59, 58, 57], "26": [46, 47, 48, 61, 60, 59], "27": [48, 49, 50, 63, 62, 61], "28": [13, 14, 27, 26], "29": [24, 25, 38, 37], "30": [39, 40, 53, 52], "31": [50, 51, 64, 63]}, "edgedata": {}, "dfa": {}, "max_vertex": 77, "dea": {}, "attributes": {"name": "Mesh"}, "max_face": 31, "vertex": {"0": {"z": 0.0, "y": -132.260986328125, "x": 228.365234375}, "1": {"z": 28.474117279052734, "y": -132.260986328125, "x": 214.85617065429688}, "2": {"z": 53.926036834716797, "y": -132.260986328125, "x": 201.03169250488281}, "3": {"z": 78.2471923828125, "y": -132.260986328125, "x": 185.41801452636719}, "4": {"z": 101.29796600341797, "y": -132.260986328125, "x": 166.39591979980469}, "5": {"z": 121.07435607910156, "y": -132.260986328125, "x": 140.89372253417969}, "6": {"z": 128.07974243164063, "y": -132.260986328125, "x": 113.42180633544922}, "7": {"z": 120.89183807373047, "y": -132.260986328125, "x": 87.124488830566406}, "8": {"z": 101.12791442871094, "y": -132.260986328125, "x": 61.802078247070313}, "9": {"z": 78.067489624023438, "y": -132.260986328125, "x": 42.816001892089844}, "10": {"z": 53.811714172363281, "y": -132.260986328125, "x": 27.268335342407227}, "11": {"z": 28.425487518310547, "y": -132.260986328125, "x": 13.485148429870605}, "12": {"z": 0.0, "y": -132.260986328125, "x": 0.0}, "13": {"z": 0.0, "y": -104.89260864257813, "x": 218.59263610839844}, "14": {"z": 25.210136413574219, "y": -106.51140594482422, "x": 207.1077880859375}, "15": {"z": 49.691436767578125, "y": -106.74711608886719, "x": 193.92091369628906}, "16": {"z": 73.025291442871094, "y": -106.66176605224609, "x": 178.80632019042969}, "17": {"z": 94.724441528320313, "y": -106.70655822753906, "x": 160.55583190917969}, "18": {"z": 111.17113494873047, "y": -105.44020843505859, "x": 138.03530883789063}, "19": {"z": 117.02235412597656, "y": -104.57923889160156, "x": 114.12355804443359}, "20": {"z": 111.13311767578125, "y": -105.44769287109375, "x": 90.25103759765625}, "21": {"z": 94.551376342773438, "y": -106.70620727539063, "x": 67.636207580566406}, "22": {"z": 72.867958068847656, "y": -106.62739562988281, "x": 49.458072662353516}, "23": {"z": 49.587966918945313, "y": -106.68904113769531, "x": 34.402015686035156}, "24": {"z": 25.157106399536133, "y": -106.44474029541016, "x": 21.250507354736328}, "25": {"z": 0.0, "y": -104.82607269287109, "x": 9.7918205261230469}, "26": {"z": 0.0, "y": -78.9232177734375, "x": 212.2965087890625}, "27": {"z": 23.333499908447266, "y": -79.864006042480469, "x": 201.40492248535156}, "28": {"z": 46.750038146972656, "y": -80.161361694335938, "x": 188.77946472167969}, "29": {"z": 69.125885009765625, "y": -80.389167785644531, "x": 174.30226135253906}, "30": {"z": 89.03472900390625, "y": -80.05755615234375, "x": 157.34452819824219}, "31": {"z": 103.96221160888672, "y": -78.823310852050781, "x": 137.22032165527344}, "32": {"z": 109.98616027832031, "y": -78.354270935058594, "x": 114.17776489257813}, "33": {"z": 103.95647430419922, "y": -78.90997314453125, "x": 91.107406616210938}, "34": {"z": 88.915718078613281, "y": -80.1387939453125, "x": 70.883705139160156}, "35": {"z": 69.032997131347656, "y": -80.295082092285156, "x": 54.013160705566406}, "36": {"z": 46.697399139404297, "y": -80.016502380371094, "x": 39.580375671386719}, "37": {"z": 23.302734375, "y": -79.702796936035156, "x": 26.971351623535156}, "38": {"z": 0.0, "y": -78.760032653808594, "x": 16.091335296630859}, "39": {"z": 0.0, "y": -53.475292205810547, "x": 212.27731323242188}, "40": {"z": 23.308355331420898, "y": -52.540145874023438, "x": 201.39401245117188}, "41": {"z": 46.703330993652344, "y": -52.232406616210938, "x": 188.78349304199219}, "42": {"z": 69.042160034179688, "y": -51.953079223632813, "x": 174.34461975097656}, "43": {"z": 88.928268432617188, "y": -52.158836364746094, "x": 157.46058654785156}, "44": {"z": 103.94949340820313, "y": -53.392223358154297, "x": 137.2578125}, "45": {"z": 109.98123168945313, "y": -53.933479309082031, "x": 114.22629547119141}, "46": {"z": 103.96903228759766, "y": -53.465293884277344, "x": 91.165969848632813}, "47": {"z": 89.049835205078125, "y": -52.235576629638672, "x": 71.044815063476563}, "48": {"z": 69.138328552246094, "y": -51.858070373535156, "x": 54.069362640380859}, "49": {"z": 46.759662628173828, "y": -52.086601257324219, "x": 39.589305877685547}, "50": {"z": 23.341270446777344, "y": -52.380638122558594, "x": 26.961452484130859}, "51": {"z": 0.0, "y": -53.317554473876953, "x": 16.065202713012695}, "52": {"z": 0.0, "y": -27.426242828369141, "x": 218.57591247558594}, "53": {"z": 25.167655944824219, "y": -25.806316375732422, "x": 207.11245727539063}, "54": {"z": 49.607795715332031, "y": -25.563684463500977, "x": 193.95626831054688}, "55": {"z": 72.889427185058594, "y": -25.632234573364258, "x": 178.89227294921875}, "56": {"z": 94.577629089355469, "y": -25.565303802490234, "x": 160.69850158691406}, "57": {"z": 111.13242340087891, "y": -26.828746795654297, "x": 138.105224609375}, "58": {"z": 117.01890563964844, "y": -27.692441940307617, "x": 114.23909759521484}, "59": {"z": 111.17308807373047, "y": -26.832258224487305, "x": 90.341339111328125}, "60": {"z": 94.745429992675781, "y": -25.567234039306641, "x": 67.8355712890625}, "61": {"z": 73.049781799316406, "y": -25.601633071899414, "x": 49.576042175292969}, "62": {"z": 49.711696624755859, "y": -25.497766494750977, "x": 34.448978424072266}, "63": {"z": 25.217422485351563, "y": -25.736484527587891, "x": 21.256765365600586}, "64": {"z": 0.0, "y": -27.360101699829102, "x": 9.7702112197875977}, "65": {"z": 0.0, "y": 0.0, "x": 228.365234375}, "66": {"z": 28.434093475341797, "y": 0.0, "x": 214.8758544921875}, "67": {"z": 53.831733703613281, "y": 0.0, "x": 201.08547973632813}, "68": {"z": 78.095802307128906, "y": 0.0, "x": 185.52873229980469}, "69": {"z": 101.15647888183594, "y": 0.0, "x": 166.53506469726563}, "70": {"z": 120.89903259277344, "y": 0.0, "x": 141.22706604003906}, "71": {"z": 128.0797119140625, "y": 0.0, "x": 114.93936920166016}, "72": {"z": 121.07958221435547, "y": 0.0, "x": 87.481437683105469}, "73": {"z": 101.32283782958984, "y": 0.0, "x": 61.993766784667969}, "74": {"z": 78.28369140625, "y": 0.0, "x": 42.973907470703125}, "75": {"z": 53.948326110839844, "y": 0.0, "x": 27.346258163452148}, "76": {"z": 28.482391357421875, "y": 0.0, "x": 13.513125419616699}, "77": {"z": 0.0, "y": 0.0, "x": 0.0}}}}