{"settings": {"RV2": {"show.forces": false, "tol.angles": 5.0, "show.angles": true}, "Solvers": {"tna.horizontal.refreshrate": 10, "tna.horizontal.kmax": 100, "tna.horizontal.alpha": 100, "tna.vertical.kmax": 300, "tna.vertical.zmax": 3.5}}, "data": {"thrust": {"dea": {"lmin": 9.9999999999999995e-07, "_h": 0.0, "hmax": 10000000.0, "_is_tension": false, "hmin": 0.0, "_f": 0.0, "_is_edge": true, "_a": 0.0, "q": 1.0, "_l": 0.0, "lmax": 1000000.0}, "dfa": {"_is_loaded": true}, "vertex": {"0": {"z": 1.4314942233139385, "_rz": -4.3860991949529193e-08, "_rx": -1.9697520325934192e-07, "_ry": -2.8964718268298384e-07, "is_fixed": false, "y": 8.8368373446397523, "x": 2.130778007417808}, "1": {"z": 2.1006463917830747, "_rz": -3.7248103268439081e-08, "_rx": -1.8331734707999203e-07, "_ry": 2.7372337285669346e-08, "is_fixed": false, "y": 4.0607431753353174, "x": 8.3210261008004061}, "2": {"z": 3.5000009527778784, "_rz": -5.4174211783220017e-09, "_rx": -1.9038749599076255e-07, "_ry": 1.752671909827086e-07, "is_fixed": false, "y": 5.7446590540102838, "x": 5.7455547251158929}, "3": {"z": 2.1015249650458823, "_rz": -3.7220004411864238e-08, "_rx": -3.4511208113485736e-08, "_ry": 1.6829585192112972e-07, "is_fixed": false, "y": 1.6820899265367217, "x": 5.9382255997027675}, "4": {"z": 1.4316537291443059, "_rz": -4.3836370089422871e-08, "_rx": 3.5765161499057285e-08, "_ry": -2.5068148090667819e-07, "is_fixed": false, "y": 8.8368121533050878, "x": 7.868372119874965}, "5": {"z": 2.097594259674993, "_rz": -3.7377130723825758e-08, "_rx": -1.9824537567103562e-07, "_ry": 1.3110441798858119e-07, "is_fixed": false, "y": 4.0605905471345247, "x": 1.6750810391164077}, "6": {"z": 3.0375094427890437, "_rz": -3.9681121943857534e-08, "_rx": -1.6886946951899517e-07, "_ry": -2.1184158605080938e-07, "is_fixed": false, "y": 5.8205408016898508, "x": 7.1634071624148667}, "7": {"z": 1.429600176798961, "_rz": -4.3919810899240019e-08, "_rx": -1.9669344908379571e-07, "_ry": -2.8912531124802854e-07, "is_fixed": false, "y": 1.1606317284956555, "x": 7.8686846285872694}, "8": {"z": 3.0377966993489109, "_rz": -3.9575315025075497e-08, "_rx": 2.3078014166344474e-07, "_ry": 1.518401013811399e-07, "is_fixed": false, "y": 7.1601817995274031, "x": 5.8210864417050034}, "9": {"z": 2.1042450735250036, "_rz": -3.711063345512855e-08, "_rx": -3.404420390040741e-08, "_ry": 1.6829621785063864e-07, "is_fixed": false, "y": 8.3143432623443783, "x": 4.0607605297388076}, "10": {"z": 1.4265288115418442, "_rz": -4.4019361711278293e-08, "_rx": 2.6688771459504324e-07, "_ry": -4.1589710342293529e-08, "is_fixed": false, "y": 2.1303121680842656, "x": 1.1555610646436283}, "11": {"z": 2.5044423679492689, "_rz": -6.552301989870557e-08, "_rx": 3.1584517756755304e-07, "_ry": -3.0289518093695733e-07, "is_fixed": false, "y": 7.4215265106586994, "x": 7.4236254191875295}, "12": {"z": 1.4289162105269397, "_rz": -4.3905485691553281e-08, "_rx": 2.6633528449337973e-07, "_ry": -4.1839868458737328e-08, "is_fixed": false, "y": 7.8685712881124523, "x": 8.8416359527552846}, "13": {"z": 3.0364882667459931, "_rz": -3.9798807804913849e-08, "_rx": -2.0052853866303622e-07, "_ry": -2.7156936432959355e-07, "is_fixed": false, "y": 5.8205972364589593, "x": 2.833848933856677}, "14": {"z": 2.1043175620177146, "_rz": -3.7102172667502487e-08, "_rx": -1.2858963316375593e-07, "_ry": 1.8276777780101838e-07, "is_fixed": false, "y": 8.3143323645508946, "x": 5.9380836628929252}, "15": {"z": 1.4294410999962128, "_rz": -4.3944464289680241e-08, "_rx": 3.5553591182235778e-08, "_ry": -2.5124071623139344e-07, "is_fixed": false, "y": 1.1606067712479453, "x": 2.1304671139052953}, "16": {"z": 3.4997499915502868, "_rz": -5.4163322715794493e-09, "_rx": -1.7259563023230839e-07, "_ry": 1.5597128921740477e-07, "is_fixed": false, "y": 5.7446730919730671, "x": 4.2521576854407481}, "17": {"z": 2.5036904614628663, "_rz": -6.5620386013875986e-08, "_rx": 2.1395492622033885e-07, "_ry": -1.9107126192352553e-07, "is_fixed": false, "y": 7.4216389217141012, "x": 2.574323181610112}, "18": {"z": 2.1014526738502095, "_rz": -3.7228486515772374e-08, "_rx": -1.2885414868435419e-07, "_ry": 1.8262747225605835e-07, "is_fixed": false, "y": 1.6820791345922474, "x": 4.0606206374051794}, "19": {"z": 3.0376027812518225, "_rz": -3.9587722433509498e-08, "_rx": 2.8647890815136634e-07, "_ry": 1.855530342709244e-07, "is_fixed": false, "y": 7.1602092688897372, "x": 4.1770819596236679}, "20": {"z": 0.0, "is_anchor": true, "_rz": -16.440727089351366, "_rx": 17.925848224574509, "_ry": 17.958093635202516, "is_fixed": false, "y": 10.0, "x": 10.0}, "21": {"z": 3.4997718884881723, "_rz": -5.4164415175250724e-09, "_rx": -1.7258265749831025e-07, "_ry": 1.5597375835341154e-07, "is_fixed": false, "y": 4.2532405228508114, "x": 5.7455676109029561}, "22": {"z": 3.0368633262509919, "_rz": -3.9682876540325651e-08, "_rx": 2.8692843656585865e-07, "_ry": 1.8575651949959138e-07, "is_fixed": false, "y": 2.8372976626640916, "x": 5.8211382411453805}, "23": {"z": 3.0373325027267568, "_rz": -3.9692578557293245e-08, "_rx": -2.0033234093830288e-07, "_ry": -2.7112410894147843e-07, "is_fixed": false, "y": 4.1777785661955784, "x": 7.1634323541837963}, "24": {"z": 2.0976598944583902, "_rz": -3.7369288996558225e-08, "_rx": -1.8332619422523067e-07, "_ry": 2.7859222484494239e-08, "is_fixed": false, "y": 5.938353749201883, "x": 1.6750908834113738}, "25": {"z": 0.0, "is_anchor": true, "_rz": -16.462958164379909, "_rx": -17.957372045526949, "_ry": -17.992597258038813, "is_fixed": false, "y": 0.0, "x": 0.0}, "26": {"z": 1.4287713401813986, "_rz": -4.3928217507982481e-08, "_rx": 3.1499083519292981e-07, "_ry": 2.038326893938347e-07, "is_fixed": false, "y": 2.1306511022700065, "x": 8.8416589465513713}, "27": {"z": 2.5037551129641762, "_rz": -6.5612345334642441e-08, "_rx": 2.1479070255736588e-07, "_ry": -1.9020901120825329e-07, "is_fixed": false, "y": 2.5765897649063332, "x": 7.4237285426169555}, "28": {"z": 1.4266732563331321, "_rz": -4.3996600140872033e-08, "_rx": 3.1446633741438745e-07, "_ry": 2.0351255614059482e-07, "is_fixed": false, "y": 7.8689118368679507, "x": 1.1555838255422946}, "29": {"z": 0.0, "is_anchor": true, "_rz": -16.451363777182724, "_rx": 17.957373653006286, "_ry": -17.95809525827681, "is_fixed": false, "y": 0.0, "x": 10.0}, "30": {"z": 0.0, "is_anchor": true, "_rz": -16.452322283155166, "_rx": -17.92585021536334, "_ry": 17.992599236090115, "is_fixed": false, "y": 10.0, "x": 0.0}, "31": {"z": 3.0363114816831813, "_rz": -3.9810309271359756e-08, "_rx": -1.6880852804490587e-07, "_ry": -2.124587723528748e-07, "is_fixed": false, "y": 4.1777231829467878, "x": 2.8338239849644755}, "32": {"z": 2.5030035707271145, "_rz": -6.5709831797988727e-08, "_rx": 3.1646503906301859e-07, "_ry": -3.0349773627591503e-07, "is_fixed": false, "y": 2.5764781396603751, "x": 2.5742208437180607}, "33": {"z": 3.4995209902905424, "_rz": -5.4153552753177792e-09, "_rx": -1.9027615394406894e-07, "_ry": 1.7514481420732864e-07, "is_fixed": false, "y": 4.2532268085332916, "x": 4.2521451231667555}, "34": {"z": 2.1007122223908961, "_rz": -3.724028818652414e-08, "_rx": -1.9837500531139085e-07, "_ry": 1.308521007103991e-07, "is_fixed": false, "y": 5.9381990758948406, "x": 8.3210161511722411}, "35": {"z": 3.036669563335308, "_rz": -3.9695337239464834e-08, "_rx": 2.3137980775800315e-07, "_ry": 1.5178691370465458e-07, "is_fixed": false, "y": 2.837270436362501, "x": 4.1770312113588446}}, "max_face": 28, "face": {"0": [25, 15, 32, 10], "1": [10, 32, 31, 5], "2": [5, 31, 13, 24], "3": [24, 13, 17, 28], "4": [28, 17, 0, 30], "5": [15, 18, 35, 32], "6": [32, 35, 33, 31], "7": [31, 33, 16, 13], "8": [13, 16, 19, 17], "9": [17, 19, 9, 0], "10": [18, 3, 22, 35], "11": [35, 22, 21, 33], "12": [33, 21, 2, 16], "13": [16, 2, 8, 19], "14": [19, 8, 14, 9], "15": [3, 7, 27, 22], "16": [22, 27, 23, 21], "17": [21, 23, 6, 2], "18": [2, 6, 11, 8], "19": [8, 11, 4, 14], "20": [7, 29, 26, 27], "21": [27, 26, 1, 23], "22": [23, 1, 34, 6], "23": [6, 34, 12, 11], "24": [11, 12, 20, 4]},