{"attributes": {"name": "Mesh"}, "dva": {"x": 0.0, "y": 0.0, "z": 0.0}, "dea": {}, "dfa": {}, "vertex": {"0": {"x": -1.0189460994413384, "y": -1.3726259358811412, "z": 1.2766376914075528}, "1": {"x": -1.0189460994413384, "y": -1.3726259358811412, "z": 1.2766376914075528}, "2": {"x": -1.0189460994413384, "y": -1.3726259358811412, "z": 1.2766376914075528}, "3": {"x": -1.0189460994413384, "y": -1.3726259358811412, "z": 1.2766376914075528}, "4": {"x": -1.0189460994413384, "y": -1.3726259358811412, "z": 1.2766376914075528}, "5": {"x": -1.0189460994413384, "y": -1.3726259358811412, "z": 1.2766376914075528}, "6": {"x": -1.0189460994413384, "y": -1.3726259358811412, "z": 1.2766376914075528}, "7": {"x": -1.0189460994413384, "y": -1.3726259358811412, "z": 1.2766376914075528}, "8": {"x": -1.0189460994413384, "y": -1.3726259358811412, "z": 1.2766376914075528}, "9": {"x": -1.0189460994413384, "y": -1.3726259358811412, "z": 1.2766376914075528}, "10": {"x": -1.0189460994413384, "y": -1.3726259358811412, "z": 1.2766376914075528}, "11": {"x": -1.0189460994413384, "y": -1.3726259358811412, "z": 1.2766376914075528}, "12": {"x": -1.0189460994413384, "y": -1.3726259358811412, "z": 1.2766376914075528}, "13": {"x": -1.0189460994413384, "y": -1.3726259358811412, "z": 1.2766376914075528}, "14": {"x": -1.0189460994413384, "y": -1.3726259358811412, "z": 1.2766376914075528}, "15": {"x": -1.0189460994413384, "y": -1.3726259358811412, "z": 1.2766376914075528}, "16": {"x": -1.0189460994413384, "y": -1.3726259358811412, "z": 1.2766376914075528}, "17": {"x": -1.0189460994413384, "y": -1.3726259358811412, "z": 1.2766376914075528}, "18": {"x": -1.0189460994413384, "y": -1.3726259358811412, "z": 1.2766376914075528}, "19": {"x": -1.0189460994413384, "y": -1.3726259358811412, "z": 1.2766376914075528}, "20": {"x": -1.0189460994413384, "y": -1.3726259358811412, "z": 1.2766376914075528}, "21": {"x": -1.0189460994413384, "y": -1.3726259358811412, "z": 1.2766376914075528}, "22": {"x": -1.0189460994413384, "y": -1.3726259358811412, "z": 1.2766376914075528}, "23": {"x": -1.0189460994413384, "y": -1.3726259358811412, "z": 1.2766376914075528}, "24": {"x": -1.0189460994413384, "y": -1.3726259358811412, "z": 1.2766376914075528}, "25": {"x": -1.0189460994413384, "y": -1.3726259358811412, "z": 1.2766376914075528}, "26": {"x": -1.0189460994413384, "y": -1.3726259358811412, "z": 1.2766376914075528}, "27": {"x": -1.0189460994413384, "y": -1.3726259358811412, "z": 1.2766376914075528}, "28": {"x": -1.0189460994413384, "y": -1.3726259358811412, "z": 1.2766376914075528}, "29": {"x": -1.0189460994413384, "y": -1.3726259358811412, "z": 1.2766376914075528}, "30": {"x": -1.0189460994413384, "y": -1.3726259358811412, "z": 1.2766376914075528}, "31": {"x": -1.0189460994413384, "y": -1.3726259358811412, "z": 1.2766376914075528}, "32": {"x": -1.0189460994413384, "y": -1.3726259358811412, "z": 1.2766376914075528}, "33": {"x": -1.0189460994413384, "y": -1.3726259358811412, "z": 1.2766376914075528}, "34": {"x": -1.0189460994413384, "y": -1.3726259358811412, "z": 1.2766376914075528}, "35": {"x": -1.0189460994413384, "y": -1.3726259358811412, "z": 1.2766376914075528}, "36": {"x": -1.0189460994413384, "y": -1.3726259358811412, "z": 1.2766376914075528}, "37": {"x": -1.0189460994413384, "y": -1.3726259358811412, "z": 1.2766376914075528}, "38": {"x": -1.0189460994413384, "y": -1.3726259358811412, "z": 1.2766376914075528}, "39": {"x": -1.0189460994413384, "y": -1.3726259358811412, "z": 1.2766376914075528}, "40": {"x": -1.0189460994413384, "y": -1.3726259358811412, "z": 1.2766376914075528}, "41": {"x": -1.0189460994413384, "y": -1.3726259358811412, "z": 1.2766376914075528}, "42": {"x": -1.0189460994413384, "y": -1.3726259358811412, "z": 1.2766376914075528}, "43": {"x": -1.0189460994413384, "y": -1.3726259358811412, "z": 1.2766376914075528}, "44": {"x": -1.0189460994413384, "y": -1.3726259358811412, "z": 1.2766376914075528}, "45": {"x": -1.0189460994413384, "y": -1.3726259358811412, "z": 1.2766376914075528}, "46": {"x": -1.0189460994413384, "y": -1.3726259358811412, "z": 1.2766376914075528}, "47": {"x": -1.0189460994413384, "y": -1.3726259358811412, "z": 1.2766376914075528}, "48": {"x": -1.0189460994413384, "y": -1.3726259358811412, "z": 1.2766376914075528}, "49": {"x": -1.0189460994413384, "y": -1.3726259358811412, "z": 1.2766376914075528}}, "face": {"0": [3, 2, 1, 0], "1": [5, 3, 0, 4], "2": [9, 8, 7, 6], "3": [11, 9, 6, 10], "4": [13, 5, 4, 12], "5": [15, 11, 10, 14], "6": [17, 15, 14, 16], "7": [6, 7, 19, 18], "8": [10, 6, 18, 20], "9": [14, 10, 20, 21], "10": [16, 14, 21, 22], "11": [11, 15, 2, 3], "12": [9, 11, 3, 5], "13": [8, 9, 5, 13], "14": [15, 17, 23, 2], "15": [2, 23, 24, 1], "16": [25, 26, 27, 28], "17": [29, 25, 28, 30], "18": [31, 32, 33, 34], "19": [35, 31, 34, 36], "20": [37, 29, 30, 38], "21": [39, 35, 36, 40], "22": [41, 39, 40, 42], "23": [43, 44, 32, 31], "24": [45, 43, 31, 35], "25": [46, 45, 35, 39], "26": [47, 46, 39, 41], "27": [28, 27, 40, 36], "28": [30, 28, 36, 34], "29": [38, 30, 34, 33], "30": [27, 48, 42, 40], "31": [26, 49, 48, 27], "32": [0, 1, 26, 25], "33": [4, 0, 25, 29], "34": [12, 4, 29, 37], "35": [13, 12, 37, 38], "36": [8, 13, 38, 33], "37": [7, 8, 33, 32], "38": [19, 7, 32, 44], "39": [18, 19, 44, 43], "40": [20, 18, 43, 45], "41": [21, 20, 45, 46], "42": [22, 21, 46, 47], "43": [16, 22, 47, 41], "44": [17, 16, 41, 42], "45": [23, 17, 42, 48], "46": [24, 23, 48, 49], "47": [1, 24, 49, 26]}, "facedata": {"0": {}, "1": {}, "2": {}, "3": {}, "4": {}, "5": {}, "6": {}, "7": {}, "8": {}, "9": {}, "10": {}, "11": {}, "12": {}, "13": {}, "14": {}, "15": {}, "16": {}, "17": {}, "18": {}, "19": {}, "20": {}, "21": {}, "22": {}, "23": {}, "24": {}, "25": {}, "26": {}, "27": {}, "28": {}, "29": {}, "30": {}, "31": {}, "32": {}, "33": {}, "34": {}, "35": {}, "36": {}, "37": {}, "38": {}, "39": {}, "40": {}, "41": {}, "42": {}, "43": {}, "44": {}, "45": {}, "46": {}, "47": {}}, "edgedata": {}, "max_vertex": 49, "max_face": 47}