{"shape": {"dtype": "compas.geometry/Polyhedron", "value": {"vertices": [[1.0, 0.7, 0.0], [0.9313880017693076, 0.6966293086705379, 0.0], [1.0, 0.5544554455445545, 0.8316831683168315], [1.0, 0.4375, 1.5], [0.9571175011058173, 0.4353933179190862, 1.5], [0.9146479841179438, 0.4290935601764133, 1.5], [0.8730004537011729, 0.41866139688284143, 1.5], [0.8325759983402733, 0.4041972954736879, 1.5], [0.7937639276386261, 0.38584055315240534, 1.5], [0.7569380230539242, 0.3637679553823636, 1.5], [0.7224529381784053, 0.3381920733461975, 1.5], [0.6906407832308855, 0.3093592167691146, 1.5], [0.6618079266538028, 0.27754706182159505, 1.5], [0.6362320446176364, 0.24306197694607595, 1.5], [0.6141594468475948, 0.2062360723613741, 1.5], [0.5958027045263121, 0.16742400165972704, 1.5], [0.5813386031171586, 0.1269995462988273, 1.5], [0.5709064398235868, 0.08535201588205629, 1.5], [0.5646066820809139, 0.04288249889418269, 1.5], [0.5625, 8.036744619404504e-17, 1.5], [0.5625, 0.0, 1.5], [0.4067796610169492, 0.0, 0.6101694915254239], [0.30000000000000004, 0.0, 0.0], [0.8634367745887102, 0.6865496962822613, 0.0], [0.7968007259218766, 0.6698582350125463, 0.0], [0.7321215973444373, 0.6467156727579007, 0.0], [0.6700222842218017, 0.6173448850438485, 0.0], [0.6111008368862787, 0.5820287286117818, 0.0], [0.5559247010854483, 0.5411073173539159, 0.0], [0.5050252531694168, 0.49497474683058335, 0.0], [0.4588926826460844, 0.4440752989145521, 0.0], [0.4179712713882183, 0.3888991631137215, 0.0], [0.38265511495615157, 0.3299777157781985, 0.0], [0.35328432724209946, 0.26787840265556323, 0.0], [0.33014176498745385, 0.20319927407812366, 0.0], [0.31345030371773885, 0.13656322541129007, 0.0], [0.30337069132946215, 0.0686119982306923, 0.0], [0.30000000000000004, 1.2858791391047207e-16, 0.0], [0.0, 1.0, 0.0], [0.0, 1.0, 1.5], [1.0, 1.0, 1.5], [0.0, 0.0, 1.5], [1.0, 1.0, 0.0], [0.0, 0.0, 0.0]], "faces": [[43, 38, 42], [22, 43, 37], [21, 41, 43], [2, 42, 40], [42, 38, 39], [42, 39, 40], [38, 43, 41], [38, 41, 39], [41, 40, 39], [0, 42, 2], [20, 41, 21], [22, 21, 43], [40, 3, 2], [4, 3, 40], [5, 4, 40], [6, 5, 40], [41, 20, 19], [7, 6, 40], [41, 12, 11], [40, 10, 9], [40, 41, 11], [40, 9, 8], [41, 13, 12], [41, 14, 13], [40, 8, 7], [41, 16, 15], [41, 17, 16], [41, 15, 14], [41, 18, 17], [41, 19, 18], [40, 11, 10], [42, 0, 1], [42, 1, 23], [42, 23, 24], [42, 24, 25], [42, 25, 26], [42, 26, 27], [42, 27, 28], [42, 28, 29], [42, 29, 43], [30, 43, 29], [31, 43, 30], [32, 43, 31], [33, 43, 32], [34, 43, 33], [35, 43, 34], [36, 43, 35], [37, 43, 36], [1, 2, 4], [23, 4, 5], [24, 23, 6], [25, 6, 7], [26, 25, 8], [9, 27, 8], [10, 28, 9], [29, 28, 11], [12, 30, 11], [13, 30, 12], [32, 31, 14], [33, 14, 15], [16, 34, 15], [17, 35, 16], [36, 35, 18], [37, 18, 19], [21, 37, 19], [23, 1, 4], [6, 23, 5], [27, 9, 28], [30, 13, 31], [26, 8, 27], [8, 25, 7], [34, 16, 35], [33, 15, 34], [33, 32, 14], [18, 35, 17], [37, 36, 18], [29, 11, 30], [25, 24, 6], [4, 2, 3], [1, 0, 2], [11, 28, 10], [14, 31, 13], [37, 21, 22], [20, 21, 19]]}}, "mesh": {"dtype": "compas.datastructures/Mesh", "value": {"attributes": {"name": "Mesh"}, "dva": {"x": 0.0, "y": 0.0, "z": 0.0}, "dea": {}, "dfa": {}, "vertex": {"0": {"x": 1.0, "y": 0.7, "z": 0.0}, "1": {"x": 0.9313880017693076, "y": 0.6966293086705379, "z": 0.0}, "3": {"x": 1.0, "y": 0.4375, "z": 1.5}, "4": {"x": 0.9571175011058173, "y": 0.4353933179190862, "z": 1.5}, "5": {"x": 0.9146479841179438, "y": 0.4290935601764133, "z": 1.5}, "6": {"x": 0.8730004537011729, "y": 0.41866139688284143, "z": 1.5}, "7": {"x": 0.8325759983402733, "y": 0.4041972954736879, "z": 1.5}, "8": {"x": 0.7937639276386261, "y": 0.38584055315240534, "z": 1.5}, "9": {"x": 0.7569380230539242, "y": 0.3637679553823636, "z": 1.5}, "10": {"x": 0.7224529381784053, "y": 0.3381920733461975, "z": 1.5}, "11": {"x": 0.6906407832308855, "y": 0.3093592167691146, "z": 1.5}, "12": {"x": 0.6618079266538028, "y": 0.27754706182159505, "z": 1.5}, "13": {"x": 0.6362320446176364, "y": 0.24306197694607595, "z": 1.5}, "14": {"x": 0.6141594468475948, "y": 0.2062360723613741, "z": 1.5}, "15": {"x": 0.5958027045263121, "y": 0.16742400165972704, "z": 1.5}, "16": {"x": 0.5813386031171586, "y": 0.1269995462988273, "z": 1.5}, "17": {"x": 0.5709064398235868, "y": 0.08535201588205629, "z": 1.5}, "18": {"x": 0.5646066820809139, "y": 0.04288249889418269, "z": 1.5}, "19": {"x": 0.5625, "y": 0.0, "z": 1.5}, "21": {"x": 0.30000000000000004, "y": 1.2858791391047207e-16, "z": 0.0}, "22": {"x": 0.8634367745887102, "y": 0.6865496962822613, "z": 0.0}, "23": {"x": 0.7968007259218766, "y": 0.6698582350125463, "z": 0.0}, "24": {"x": 0.7321215973444373, "y": 0.6467156727579007, "z": 0.0}, "25": {"x": 0.6700222842218017, "y": 0.6173448850438485, "z": 0.0}, "26": {"x": 0.6111008368862787, "y": 0.5820287286117818, "z": 0.0}, "27": {"x": 0.5559247010854483, "y": 0.5411073173539159, "z": 0.0}, "28": {"x": 0.5050252531694168, "y": 0.49497474683058335, "z": 0.0}, "29": {"x": 0.4588926826460844, "y": 0.4440752989145521, "z": 0.0}, "30": {"x": 0.4179712713882183, "y": 0.3888991631137215, "z": 0.0}, "31": {"x": 0.38265511495615157, "y": 0.3299777157781985, "z": 0.0}, "32": {"x": 0.35328432724209946, "y": 0.26787840265556323, "z": 0.0}, "33": {"x": 0.33014176498745385, "y": 0.20319927407812366, "z": 0.0}, "34": {"x": 0.31345030371773885, "y": 0.13656322541129007, "z": 0.0}, "35": {"x": 0.30337069132946215, "y": 0.0686119982306923, "z": 0.0}, "36": {"x": 0.0, "y": 1.0, "z": 0.0}, "37": {"x": 0.0, "y": 1.0, "z": 1.5}, "38": {"x": 1.0, "y": 1.0, "z": 1.5}, "39": {"x": 0.0, "y": 0.0, "z": 1.5}, "40": {"x": 1.0, "y": 1.0, "z": 0.0}, "41": {"x": 0.0, "y": 0.0, "z": 0.0}}, "face": {"83": [40, 36, 37, 38], "84": [36, 41, 39, 37], "87": [38, 3, 0, 40], "110": [4, 5, 22, 1], "111": [6, 23, 22, 5], "112": [6, 7, 24, 23], "113": [8, 25, 24, 7], "114": [8, 9, 26, 25], "115": [9, 10, 27, 26], "116": [11, 28, 27, 10], "117": [11, 12, 29, 28], "118": [29, 12, 13, 30], "119": [14, 31, 30, 13], "120": [14, 15, 32, 31], "121": [15, 16, 33, 32], "122": [16, 17, 34, 33], "123": [18, 35, 34, 17], "124": [18, 19, 21, 35], "125": [3, 4, 1, 0], "127": [39, 41, 21, 19], "136": [34, 35, 21, 41, 36, 40, 0, 1, 22, 23, 24, 25, 26, 27, 28, 29, 30, 31, 32, 33], "137": [11, 10, 9, 8, 7, 6, 5, 4, 3, 38, 37, 39, 19, 18, 17, 16, 15, 14, 13, 12]}, "facedata": {"83": {}, "84": {}, "87": {}, "110": {}, "111": {}, "112": {}, "113": {}, "114": {}, "115": {}, "116": {}, "117": {}, "118": {}, "119": {}, "120": {}, "121": {}, "122": {}, "123": {}, "124": {}, "125": {}, "127": {}, "136": {}, "137": {}}, "edgedata": {}, "max_vertex": 41, "max_face": 137}}}